{"epoch":0,"test_loss":0.7155315279960632,"_runtime":11.4751669,"confusion_matrix":{"path":"media/images/confusion_matrix_0_1dde56a19c0db19b72ca.png","format":"png","width":600,"height":600,"_type":"image-file","sha256":"1dde56a19c0db19b72ca1b9e10104d048457140967a7ff465d124ba09dc76ec8","size":12762},"trainer/global_step":0,"test_accuracy":0.6201834678649902,"_wandb":{"runtime":11},"_step":1,"_timestamp":1.7313553069803817e+09}