{"final_val_accuracy":0.405,"val_recall":0,"best_val_loss":0.699809342622757,"_runtime":194.223981,"val_loss":0.699809342622757,"train_accuracy":0.373561172421977,"val_precision":0,"val_accuracy":0.405,"epoch":4,"_timestamp":1.729534739401491e+09,"train_loss":0.7018416964194991,"_wandb":{"runtime":194},"_step":8,"confusion_matrix":{"path":"media/images/confusion_matrix_7_c3d2ddc8d5e2a1f3198c.png","format":"png","width":1000,"height":700,"_type":"image-file","sha256":"c3d2ddc8d5e2a1f3198c5889961c9ffd1509b37a57aeb3b8342221e4e5cb5e51","size":19981},"val_f1":0}