{"epoch":4,"train_accuracy":0.626438827578023,"val_precision":0.595,"train_loss":0.6779914870858192,"val_f1":0.7460815047021944,"val_recall":1,"confusion_matrix":{"size":19993,"path":"media/images/confusion_matrix_7_5a2d5a27063996e1ea01.png","format":"png","width":1000,"height":700,"_type":"image-file","sha256":"5a2d5a27063996e1ea017e7b195541770997b30535148711f4e91fb60d37ef77"},"best_val_loss":0.682216489687562,"_wandb":{"runtime":831},"val_loss":0.682216489687562,"val_accuracy":0.595,"_timestamp":1.729536060902988e+09,"_step":8,"_runtime":831.485704,"final_val_accuracy":0.595}