{"_timestamp":1.7313553481267834e+09,"_runtime":2.9736474,"_step":1,"_wandb":{"runtime":3},"trainer/global_step":0,"test_loss":0.6694055795669556,"test_accuracy":0.6217125654220581,"epoch":0,"confusion_matrix":{"size":12682,"path":"media/images/confusion_matrix_0_f58e8c75d1a8f4f6d773.png","format":"png","width":600,"height":600,"_type":"image-file","sha256":"f58e8c75d1a8f4f6d773a7a5cce1ed713e0ec9cfbe5f2c14e56712b31bd0c0e2"}}