{"val_precision":0.595,"val_recall":1,"_runtime":285.74710296,"train_accuracy":0.626438827578023,"val_accuracy":0.595,"epoch":3,"val_f1":0.7460815047021944,"_timestamp":1.729375683095368e+09,"_step":2,"train_loss":0.6612611758438024,"_wandb":{"runtime":336},"val_loss":0.6747718695551157}