{"final_val_accuracy":0.595,"val_accuracy":0.595,"epoch":4,"val_loss":0.6914881430566311,"val_f1":0.7460815047021944,"val_precision":0.595,"confusion_matrix":{"height":700,"_type":"image-file","sha256":"5a2d5a27063996e1ea017e7b195541770997b30535148711f4e91fb60d37ef77","size":19993,"path":"media/images/confusion_matrix_7_5a2d5a27063996e1ea01.png","format":"png","width":1000},"_step":8,"_wandb":{"runtime":293},"best_val_loss":0.6914881430566311,"_runtime":293.826026,"train_loss":0.6909387802535837,"val_recall":1,"train_accuracy":0.6116055535777857,"_timestamp":1.72953392935499e+09}