{"_timestamp":1.7313584472264729e+09,"train_loss":0.6313991546630859,"epoch":59,"_runtime":2096.5369604,"val_loss":0.675636351108551,"_step":217,"train_accuracy":0.6875,"val_accuracy":0.5950000286102295,"_wandb":{"runtime":2096},"trainer/global_step":7919}