{"_step":1,"test_accuracy":0.6370030641555786,"_wandb":{"runtime":4},"trainer/global_step":0,"confusion_matrix":{"size":13380,"path":"media/images/confusion_matrix_0_25388db0bb6b11c49b6f.png","format":"png","width":600,"height":600,"_type":"image-file","sha256":"25388db0bb6b11c49b6fe9973f31bbf1928c5f1e9192d88216b9013a68fa3642"},"test_loss":0.6468071937561035,"_timestamp":1.7313554773330045e+09,"_runtime":4.7980657,"epoch":0}