{"epoch":5,"train_accuracy":0.626438827578023,"train_loss":0.6615363336873777,"_step":5,"val_accuracy":0.595,"final_val_f1":0.7460815047021944,"best_val_loss":0.6748127806931734,"val_f1":0.7460815047021944,"val_precision":0.595,"_timestamp":1.7293750818785899e+09,"final_val_accuracy":0.595,"val_recall":1,"_runtime":469.207417292,"val_loss":0.6772739645093679,"_wandb":{"runtime":469}}