{"_runtime":1946.4212072,"_step":455,"val_loss":1.6594270467758179,"_wandb":{"runtime":1947},"train_loss":0.015984663739800453,"epoch":59,"trainer/global_step":3959,"_timestamp":1.7312834548914833e+09}