{"_timestamp":1.731338349498464e+09,"val_accuracy":0.5950000286102295,"train_accuracy":0.640625,"val_loss":0.6787235140800476,"trainer/global_step":791,"_step":20,"epoch":5,"_runtime":82.3688994,"_wandb":{"runtime":82},"train_loss":0.6532062888145447}