{"val_accuracy":0.5950000286102295,"_timestamp":1.731327820014901e+09,"_wandb":{"runtime":1405},"epoch":15,"val_loss":0.6783710718154907,"train_loss":0.65955650806427,"_runtime":1405.0134549,"_step":57,"trainer/global_step":2111,"train_accuracy":0.671875}