{"epoch":1,"val_accuracy":0.405,"val_loss":0.7046797312796116,"_timestamp":1.729531247630315e+09,"_wandb":{"runtime":869},"_step":1,"_runtime":813.691679,"val_precision":0,"train_loss":0.7080353035619764,"confusion_matrix":{"height":700,"_type":"image-file","sha256":"c3d2ddc8d5e2a1f3198c5889961c9ffd1509b37a57aeb3b8342221e4e5cb5e51","size":19981,"path":"media/images/confusion_matrix_1_c3d2ddc8d5e2a1f3198c.png","format":"png","width":1000},"val_recall":0,"val_f1":0,"train_accuracy":0.373561172421977}