{"final_val_accuracy":0.405,"final_val_f1":0,"_step":8,"train_loss":0.7012747219114592,"epoch":4,"confusion_matrix":{"format":"png","width":1000,"height":700,"_type":"image-file","sha256":"c3d2ddc8d5e2a1f3198c5889961c9ffd1509b37a57aeb3b8342221e4e5cb5e51","size":19981,"path":"media/images/confusion_matrix_7_c3d2ddc8d5e2a1f3198c.png"},"_wandb":{"runtime":462},"val_f1":0,"val_recall":0,"_runtime":462.085785,"train_accuracy":0.373561172421977,"_timestamp":1.7295299530708852e+09,"val_loss":0.6994291730225086,"best_val_loss":0.6994291730225086,"val_precision":0,"val_accuracy":0.405}