{"val_precision":0,"val_accuracy":0.405,"val_loss":0.6936517637223005,"_runtime":733.174063,"val_f1":0,"_step":8,"best_val_loss":0.6936517637223005,"train_loss":0.6938769934755383,"final_val_accuracy":0.405,"_wandb":{"runtime":733},"_timestamp":1.729537732709878e+09,"confusion_matrix":{"sha256":"c3d2ddc8d5e2a1f3198c5889961c9ffd1509b37a57aeb3b8342221e4e5cb5e51","size":19981,"path":"media/images/confusion_matrix_7_c3d2ddc8d5e2a1f3198c.png","format":"png","width":1000,"height":700,"_type":"image-file"},"epoch":4,"train_accuracy":0.46695146552747124,"val_recall":0}