{"train_accuracy":0.984375,"val_accuracy":0.5929999947547913,"trainer/global_step":7919,"_wandb":{"runtime":1977},"val_loss":2.3895199298858643,"epoch":59,"_step":217,"train_loss":0.07146476209163666,"_timestamp":1.731351157913047e+09,"_runtime":1977.7101786}