{"test_loss":2.074294090270996,"_runtime":8.3522037,"_timestamp":1.7313552061367428e+09,"epoch":0,"test_accuracy":0.6174311637878418,"trainer/global_step":0,"confusion_matrix":{"_type":"image-file","sha256":"33667aab26c792c03b01f84427c19f166ecd96e81076fce61a126caee9a532ee","size":12914,"path":"media/images/confusion_matrix_0_33667aab26c792c03b01.png","format":"png","width":600,"height":600},"_step":1,"_wandb":{"runtime":8}}