{"final_val_accuracy":0.405,"val_accuracy":0.405,"train_loss":0.7026035749551022,"val_loss":0.700400935485959,"train_accuracy":0.373561172421977,"_step":8,"_runtime":608.848743,"best_val_loss":0.700400935485959,"_timestamp":1.72953454275029e+09,"val_f1":0,"epoch":4,"_wandb":{"runtime":608},"val_precision":0,"confusion_matrix":{"height":700,"_type":"image-file","sha256":"c3d2ddc8d5e2a1f3198c5889961c9ffd1509b37a57aeb3b8342221e4e5cb5e51","size":19981,"path":"media/images/confusion_matrix_7_c3d2ddc8d5e2a1f3198c.png","format":"png","width":1000},"val_recall":0}