{"final_val_f1":0.7460815047021944,"confusion_matrix":{"sha256":"5a2d5a27063996e1ea017e7b195541770997b30535148711f4e91fb60d37ef77","size":19993,"path":"media/images/confusion_matrix_7_5a2d5a27063996e1ea01.png","format":"png","width":1000,"height":700,"_type":"image-file"},"best_val_loss":0.6747193150222301,"_timestamp":1.7295453238846998e+09,"final_val_accuracy":0.595,"val_precision":0.595,"val_f1":0.7460815047021944,"val_loss":0.6747271493077278,"val_accuracy":0.595,"train_loss":0.6608265606742917,"val_recall":1,"_runtime":809.572038,"epoch":4,"train_accuracy":0.626438827578023,"_wandb":{"runtime":809},"_step":8}