{"epoch":59,"trainer/global_step":3959,"_timestamp":1.7312812200575893e+09,"_runtime":2080.9157979,"_step":455,"val_loss":1.3695323467254639,"_wandb":{"runtime":2081},"train_loss":0.11783530563116074}