{"_timestamp":1.7313552499635544e+09,"_step":1,"test_loss":0.6655421853065491,"confusion_matrix":{"width":600,"height":600,"_type":"image-file","sha256":"f58e8c75d1a8f4f6d773a7a5cce1ed713e0ec9cfbe5f2c14e56712b31bd0c0e2","size":12682,"path":"media/images/confusion_matrix_0_f58e8c75d1a8f4f6d773.png","format":"png"},"epoch":0,"_runtime":11.2541005,"trainer/global_step":0,"_wandb":{"runtime":11},"test_accuracy":0.6217125654220581}