{"epoch":4,"final_val_accuracy":0.595,"val_f1":0.7460815047021944,"train_loss":0.6875569079861497,"val_loss":0.6889336854219437,"val_accuracy":0.595,"best_val_loss":0.6889336854219437,"train_accuracy":0.6265574937700249,"val_recall":1,"_step":8,"_runtime":484.484109,"confusion_matrix":{"format":"png","width":1000,"height":700,"_type":"image-file","sha256":"5a2d5a27063996e1ea017e7b195541770997b30535148711f4e91fb60d37ef77","size":19993,"path":"media/images/confusion_matrix_7_5a2d5a27063996e1ea01.png"},"_timestamp":1.7295352261692958e+09,"_wandb":{"runtime":484},"val_precision":0.595}