{"_wandb":{"runtime":7},"_step":1,"trainer/global_step":0,"confusion_matrix":{"width":600,"height":600,"_type":"image-file","sha256":"f58e8c75d1a8f4f6d773a7a5cce1ed713e0ec9cfbe5f2c14e56712b31bd0c0e2","size":12682,"path":"media/images/confusion_matrix_0_f58e8c75d1a8f4f6d773.png","format":"png"},"_timestamp":1.731355270597249e+09,"test_accuracy":0.6217125654220581,"epoch":0,"_runtime":7.360844,"test_loss":0.6736903190612793}