{"confusion_matrix":{"_type":"image-file","sha256":"5a2d5a27063996e1ea017e7b195541770997b30535148711f4e91fb60d37ef77","size":19993,"path":"media/images/confusion_matrix_15_5a2d5a27063996e1ea01.png","format":"png","width":1000,"height":700},"_wandb":{"runtime":663},"val_accuracy":0.595,"best_val_loss":0.6747561171650887,"_step":16,"_runtime":663.501709875,"_timestamp":1.729527775046508e+09,"final_val_accuracy":0.595,"train_loss":0.6610750052513499,"val_precision":0.595,"val_loss":0.6777923684567213,"train_accuracy":0.6266761599620269,"epoch":8,"val_recall":1,"final_val_f1":0.7460815047021944,"val_f1":0.7460815047021944}