{"best_val_loss":0.6883735992014408,"_step":8,"_wandb":{"runtime":932},"val_f1":0.7460815047021944,"val_loss":0.6883735992014408,"val_accuracy":0.595,"confusion_matrix":{"width":1000,"height":700,"_type":"image-file","sha256":"5a2d5a27063996e1ea017e7b195541770997b30535148711f4e91fb60d37ef77","size":19993,"path":"media/images/confusion_matrix_7_5a2d5a27063996e1ea01.png","format":"png"},"final_val_accuracy":0.595,"epoch":4,"_timestamp":1.729536995546526e+09,"val_recall":1,"_runtime":932.39798,"train_accuracy":0.626438827578023,"val_precision":0.595,"train_loss":0.6867539148890611}