{"trainer/global_step":0,"test_loss":0.6827124357223511,"_step":1,"epoch":0,"test_accuracy":0.6293578147888184,"_wandb":{"runtime":4},"confusion_matrix":{"_type":"image-file","sha256":"8711b1b0ba78530daff1a264ee435e9749c95e9af2589273244ca1abb2ab9c2f","size":12821,"path":"media/images/confusion_matrix_0_8711b1b0ba78530daff1.png","format":"png","width":600,"height":600},"_timestamp":1.731355366124259e+09,"_runtime":4.7364966}