{"val_loss":0.6786797419190407,"train_loss":0.6610844022396839,"best_val_loss":0.6747169606387615,"_wandb":{"runtime":673},"_timestamp":1.729376412904117e+09,"_runtime":673.057382,"val_f1":0.7460815047021944,"val_recall":1,"confusion_matrix":{"format":"png","width":1000,"height":700,"_type":"image-file","sha256":"a9de77bcdecec771d3a93d88c1c5d141293a526e7a0d17a375594deb2fd6e640","size":17925,"path":"media/images/confusion_matrix_13_a9de77bcdecec771d3a9.png"},"final_val_accuracy":0.595,"val_precision":0.595,"_step":14,"epoch":7,"val_accuracy":0.595,"final_val_f1":0.7460815047021944,"train_accuracy":0.6265574937700249}