{"train_loss":0.006866214331239462,"trainer/global_step":7919,"val_accuracy":0.5910000205039978,"_step":217,"_wandb":{"runtime":1982},"_runtime":1982.1890094,"epoch":59,"_timestamp":1.7313490131996112e+09,"train_accuracy":1,"val_loss":2.440683364868164}